asset,ADF Statistic,ADF p-value,JB Statistic,JB p-value,skewness,excess_kurtosis
SPY,-34.32210624507455,0.0,2570.447616047897,0.0,-0.6506949016278772,7.8061885898910965
TLT,-14.062178095870209,3.04273242875191e-26,60.286833635459324,8.10737778025853e-14,-0.0388809633580153,1.2094919828640114
GLD,-31.81730964966495,0.0,215.86358676988726,1.3360346170929964e-47,-0.02056737036572734,2.2930172963601425
HYG,-6.516368842225643,1.0688457814539658e-08,25375.334748873025,0.0,-0.9536940367024388,24.792017641375583
